{"cameraMode":{"drawMode":0,"name":"Shaded","section":"Shading Mode"},"sceneLighting":true,"audioPlay":false,"sceneViewState":{"m_AlwaysRefresh":false,"showFog":true,"showSkybox":true,"showFlares":true,"showImageEffects":true,"showParticleSystems":true,"showVisualEffectGraphs":true,"m_FxEnabled":true},"in2DMode":false,"pivot":{"x":14.164257049560547,"y":8.349306106567383,"z":-15.30363655090332},"rotation":{"x":-0.06860210746526718,"y":0.36583253741264346,"z":-0.02705148048698902,"w":-0.9277617931365967},"size":17.196020126342775,"orthographic":false}