{"cameraMode":{"drawMode":0,"name":"Shaded","section":"Shading Mode"},"sceneLighting":false,"audioPlay":false,"sceneViewState":{"m_AlwaysRefresh":false,"showFog":true,"showSkybox":false,"showFlares":true,"showImageEffects":true,"showParticleSystems":true,"showVisualEffectGraphs":true,"m_FxEnabled":true},"in2DMode":false,"pivot":{"x":2.0676894187927248,"y":2.3738203048706056,"z":-12.412631034851075},"rotation":{"x":0.011092694476246834,"y":0.9091888666152954,"z":0.02427288517355919,"w":-0.41554132103919985},"size":16.792871475219728,"orthographic":false}