{"cameraMode":{"drawMode":0,"name":"Shaded","section":"Shading Mode"},"sceneLighting":false,"audioPlay":false,"sceneViewState":{"m_AlwaysRefresh":false,"showFog":true,"showSkybox":false,"showFlares":true,"showImageEffects":true,"showParticleSystems":true,"showVisualEffectGraphs":true,"m_FxEnabled":true},"in2DMode":false,"pivot":{"x":8.52684211730957,"y":10.669258117675782,"z":-19.198684692382814},"rotation":{"x":0.011092694476246834,"y":0.9091888666152954,"z":0.02427288517355919,"w":-0.41554132103919985},"size":11.07324504852295,"orthographic":false}